Domain,DR,Linking to competitors,Opportunity type,Notes
Food-ingredient trade publishers,Unknown,Likely,Guest explainer,Pitch ICUMSA 45 vs 100-150
Import/export how-to sites,Unknown,Likely,Resource page,How to import sugar from Thailand
Thai export / BOI / industry associations,Unknown,Possible,Citation / NAP,Only if listing is editorial
University food-science glossaries,Unknown,Possible,Definition link,Glossary + ICUMSA article
Freight / Incoterms education sites,Unknown,Possible,FOB vs CIF article,After that article ships
Beverage industry magazines,Unknown,Possible,ICUMSA 45 for manufacturers,HARO/expert quote
Confectionery trade media,Unknown,Possible,Grade specification,Expert quote
Packaging / FIBC suppliers blogs,Unknown,Possible,Packaging article,Mutual relevance
Customs brokerage blogs,Unknown,Possible,Documents article,After documents brief ships
LinkedIn newsletter operators in ingredients,Unknown,Possible,Unlinked mention conversion,Monitor brand name
